"Haleluia, I Love Her So - Ray Charles.",,[Shab],,video,,chart,
Lonely This Christmas - Mudd,G,[Shab],lyrics,video,,chart,
All Shook Up - Elvis Presley ,B♭,[Shab],,video,,chart,
Another Saturday Night - Sam Cooke,A,[Shab],"fast funk-style strumming, start guitar ad-lib, calypso feel solo",video,,chart,
Blue Suede Shoes - Elvis Presley's ,A,[Shab],"Shab start, bass & guitar end tune",video,,chart,
Cupid - Sam Cooke,G,[Shab],"slow, shimmery chords, tremolo",video,,chart,
Don’t Be Cruel - Elvis Presley,E,[Shab],,video,,chart,
Dream Lover - Sam Cooke ,C,[Shab],Intro: C x 4 bars. BVs. End: C6/9,video,,chart,
Earth Angel - Marvin Berry & The Starlightersu,F,[Shab],"long echo, decorated triplets",video,,chart,
Hound Dog - Elvis Presley ,B♭,[Shab],,video,,chart,
I Was The One - Elvis Presley ,C,[Shab],,video,,chart,
Marie’s The Name - Elvis Presley,G,[Shab],claps in intros/verse,video,,chart,
Paralysed - Elvis Presley,E,[Shab],,video,,chart,
Rip It Up - Little Richard,A,[Shab],,video,,chart,
Shake Rattle & Roll - Bill Haley ,E,[Shab],"segue to Flip, Flop and Fly for 1 verse, then back to Shake, Rattle & Roll. Starts with marcus riff",video,,chart,
"That’s Alright, Mama - Elvis Presley",A,[Shab],,video,,chart,
Twistin’ The Night Away - Sam Cooke ,B,[Shab],not too fast.,video,,chart,
Hit The Road Jack - Ray Charles,Gm,All,,video,,chart,
Love Shack - The B52s,C,All,,video,,chart,
Molly Malone - trad,Am,All,,video,,chart,
I Gotta Feeling - Black Eyed Peas,,All,,video,,,
In Hell I'll Be In Good Company - The Dead Southii,,All,,video,,chart,
In Hell I'll Be In Good Company - The Dead South,,All,video,chart,,,
Another Piece Of My Heart - Etta James,,Chris,,,,,
Feeling Good (Muse/Nina Simone),,Chris, ,video,,chart,
My Baby Just Cares For Me,,Chris,,video,,chart,
R.E.S.P.E.C.T - Aretha Franklin,,Chris,,video,,chart,
All About That Bass - Meghan Trainor,A,Emma,,video,,chart,
"Feel It Still - Portugal, The Man.",C♯m,Emma,,video,,chart,chart
Footloose - Kenny Loggins,A,Emma,,video,,chart,
Perfect - Ed Sheeran,A,Emma,,video,,chart,
Roots - Alice Merton,Bm,Emma,,video,,chart,116
The Cup Song - Anna Kendrick,C,Emma,,video,,chart,
Upside Down - Paloma Faith,Dm,Emma,,video,,chart,
Baba O'Reilly - The Who,D,Greg,,video,,chart,
Weather With You - Crowded House,Em,Greg,or Marcus or Patrick could sing this,video,,chart,
9 to 5 - Dolly Parton,E,Kerrie,(original key F#) ,video,,chart,
A Night Like This - Caro Emerald,C♯,Kerrie,,video,,chart,
Beautiful Day - Levellers/Imelda May,Dm,Kerrie,,video,,chart,
Big Bad Handsome Man - Imelda May ,B♭m,Kerrie,,video,,chart,
(The) Boy Does Nothing - Alesha Dixon,,Kerrie,,video,,chart,
Call Me - Hillbilly Moon Explosion,Cm,Kerrie,,video,,chart,
Fever - Little Willie John (Sleaze version),Am,Kerrie,,video,,chart,
Fever - Peggy Lee (Jazz version),Am,Kerrie,,video,,chart,
Get The Party Started - Dick Brave & The Backbeats,Am,Kerrie,,video,,chart,
Gimme Gimme Gimme - ABBA,Dm,Kerrie,,video,,chart,
I Feel The Earth Move - Carole King,Cm,Kerrie,m: g#maj7,video,,chart,
Inside Out - Imelda May,Am,Kerrie,,video,,chart,
Johnny Got A Boom Boom - Imelda May,A,Kerrie,,video,,chart,
Liquor Store - Devil Doll,D,Kerrie,,video,,chart,
Mayhem - Imelda May,E,Kerrie,,video,,chart,
Moondance - Van Morrison,C,Kerrie,,video,,chart,
My Guy  - Mary Wells,B♭,Kerrie,,video,,chart,
Nobody Does It Better - Carly Simon,A,Kerrie,,video,,chart,
Paint It Black - The Rolling Stones,Em,Kerrie,,video,,chart,
Perfect - Fairground Attraction,G,Kerrie,,video,,chart,
Sixth Sense - Imelda May,Dm,Kerrie,,video,,chart,
Son of A Preacher Man,E,Kerrie,,video,,chart,
Summertime - George Gershwin ,,Kerrie,,video,,chart,
Tainted Love - Imelda May,Am,Kerrie,,video,,chart,
Teenage Dirtbag - Wheatus,E,Kerrie,marcus check comp and dist levels,video,,chart,
These Boots Are Made For Walking - Nancy Sinatra,Em,Kerrie,,video,,chart,
Valerie - Amy Winehouse,E,Kerrie,,video,,chart,
Why Don't You Do Right? - Imelda,,Kerrie,https://en.wikipedia.org/wiki/Why_Don%27t_You_Do_Right%3F,video,,chart,
Atomic - Blondie,D,Kerrie,,video,,chart,
Bang Bang - Devil Doll,,Kerrie,,video,,chart,
"Dance Monkey
",,Kerrie,,video,,chart,
Hellfire Club - Imelda May,,Kerrie,,video,,chart,
Ice Cream Man - Tom Waits,,Kerrie,,video,,chart,
Jilted - The Puppini Sisters,Gm,Kerrie,,video,,chart,
Jolene - Dolly Parton,,Kerrie,,video,,chart,
Jumpin’ Jack Flash - Rolling Stones,,Kerrie,,video,,chart,
Maria - Blondie,A,Kerrie,,video,,chart,
Roadrunner - Imelda May,A,Kerrie,,video,,chart,
The Boy Does Nothing - Alesha Dixon,,Kerrie,,video,,chart,88
There's a Man Works Down The Chip Shop Swears He's Elvis - Kirsty MacColl,,Kerrie,,video,,chart,
Santa Baby - Gwen Stefani,C#,Kerrie,,video,,chart,
Merry Christmas Everyone - Shakin' Stevens,A,Kerrie,,video,,chart,
All I Want For Christmas Is You  /  Rockin' Around The Christmas Tree,G,Kerrie,,video,,chart,
Merry Christmas Everybody - Slade,G,Kerrie,Solo vocals at end!,video,,chart,
‘49 Mercury Blues - Brian Setzer Orchestra,A,Marcus,,video,,chart,
A Nightingale Sang In Berkeley Square - Brian Setzer Orchestra,,Marcus,,video,,chart,
Bad Things - Jace Everett ,Em,Marcus,,video,,chart,
California Dreaming - The Mamas and The Papas,C♯m,Marcus,First vocal line after solo,video,,chart,
Cheap Thrills - Sia,Dm,Marcus,,video,,chart,
C'mon Everybody - Eddie Cochrane,,Marcus,,,,,
Crazy Little Thing Called Love - Queen,D,Marcus,,video,,chart,149
Drink The Bottle Down - Stray Cats,E,Marcus,,video,,chart,
Everybody Wants To Be A Cat ,Cm,Marcus,,video,,chart,
Faith - George Michael,C,Marcus,,video,,chart,
Fat Bottomed Girls - Queen,D,Marcus,,video,,chart,
Happy - Pharell Williams (swing jazz version),,Marcus,,,,,
Happy Together - The Turtles (slightly swung),,Marcus,,,,,
I Fought The Law - Stray Cats version,D,Marcus,,video,,chart,
Jailhouse Rock - Elvis Presley,,Marcus,,video,,chart,
"Jump, Jive and Wail",B♭,Marcus,,video,,chart,
La Bamba / Twist And Shout,C,Marcus,,video,,chart,
Mama Told Me Not To Come - Randy Newman,A,Marcus,,video,,chart,
Misirlou/Malagueña - Instrumental,E,Marcus,segue into Mayhem?,video,,chart,
Please Tell 'Em - Indigo Swing,F,Marcus,,video,,chart,
Price Tag - Jessie J,,Marcus,,video,,chart,
"Rockabilly Rules, OK - Stray Cats",Am,Marcus,,video,,chart,
Rock Around The Clock - Bill Haley and His Comets,A,Marcus,,video,,chart,
Rock This Town - Stray Cats,D,Marcus,,video,,chart,
Rumble in Breighton - Stray Cats,,Marcus,,video,,chart,
Seven Drunken Nights - The Dubliners,C,Marcus,,video,,chart,
"Shake, Shake, Senora - Harry Belafonte",,Marcus,,video,,chart,
Sleepwalk - Instrumental,C,Marcus,,video,,chart,
Stray Cat Strut - Stray Cats,C♯,Marcus,,video,,chart,
Summertime Blues - Eddie Cochrane,E,Marcus,,video,,chart,
Sway - Dean Martin,Am,Marcus,,video,,chart,
The Phone Call - Joe Satriani,E,Marcus,,video,, ,
Tu Vuo Fa L’Americano - Talented Mr Ripley version / bits of Brian Setzer version,,Marcus,,video,,chart,
Twenty Flight Rock - Eddie Cochrane,A,Marcus,,video,,chart,
Wondrous Place - Billy Fury,Am,Marcus,,video,,chart,
Crocodile Rock - Elton John,,Marcus,,video,,chart,
Livin' La Vida Loca - Ricky Martin,,Marcus,,,,,
After Dark - Tito and Tarantula,,Marcus,,,,,
Cucharachas Enojadas - Tito and Tarantula,,Marcus,,,,,
Rumble - Link Wray,,Marcus,,,,,
Hawaii Five-O Theme - Brian Setzer version,,Marcus,,video,,chart,
(You Gotta) Fight For Your Right (To Party) - Beastie Boys,,Marcus,,video,,chart,
A Nightingale Sang In Berkeley Square - Brian Setzer Orchestra,,Marcus,,video,,chart,
Angelina (Zooma-Zooma) - Louis Prima,,Marcus,,video,,chart,
Bebop A Lula (blend of Gene Vincent & Stray Cats versions),,Marcus,,video,,chart,
Big Fat Mamas Are Back In Style,,Marcus,,video,,chart,
"Buona Sera, Signorina - Louis Prima",,Marcus,,video,,chart,
Don't Stop Me Now - Queen,,Marcus,,video,,chart,
Female of the Species - Space,,Marcus,,video,,chart,
Folsom Prison Blues - Johnny Cash,,Marcus,,video,,chart,
Get Rhythm - Johnny Cash,F,Marcus,,video,,chart,
I Bet That You Look Good On The Dancefloor,,Marcus,,video,,chart,
I Kissed A Girl - Katy Perry,,Marcus,,video,,chart,
I Never Thought - Hillbilly Hellcats,,Marcus,,video,,chart,
Jacky - Scott Walker,,Marcus,,video,,chart,
Monster Mash - Bobby Pickett,,Marcus,,video,,chart,
Mr Bojangles - Sammy Davis Jr version,F,Marcus,,video,,chart,
Music To Watch Girls By - Andy Williams,A,Marcus,,video,,chart,
People Are Strange - The Doors,,Marcus,,video,,chart,
Rehab - Amy Winehouse,C,Marcus,,video,,chart,
Sexy & 17 - Stray Cats,E,Marcus,,video,,chart,
Somebody Told Me - Killers ,,Marcus,(listen to slow-time joke bluesy Richard Cheese version!),video,,chart,
Straight Up - Brian Setzer,,Marcus,,video,,chart,
The Wine Song - Cat Empire,,Marcus,,video,,chart,
Three Steps To Heaven - Eddie Cochrane,,Marcus,,video,,chart,
Walk With Me - Devil Doll,,Marcus,,,,,
Where Have You Been Tonight - Shed Seven,,Marcus,,video,,chart,
A Nightingale Sang In Berkeley Square,D,Marcus,,video,,chart,
Sixteen Tons - Johnny Cash,Am,Marcus,,video,,chart,
Mission Impossible Theme - Instrumental,,Marcus,,,,,
Yakety Axe - Instrumental,C,Marcus,,,,chart,
Wake Me Up - Avicii,Am,Marcus,SEGUE: Save Tonight,video,,chart,
Moonlight Kiss,Em,Marcus,,,,,
"Zat You, Santa Claus? - Brian Setzer",C♯m,Marcus,gifts I'm preparin/ sure is dark out / cold winds howlin ,video,,chart,
Blue Christmas - Brian Setzer version,E,Marcus,Harmony through FIRST 8 of guitar solo,video,,chart,tab
Winter Wonderland,D,Marcus,,,,,
Jingle Bell Rock - Brian Setzer version,D,Marcus,,video,,chart,
Christmas Time (Don't Let The Bells End) - The Darkness,,Marcus,Don't forget Marcus solo guitar bit,video,,chart,
Monster Mash - Bobby Pickett,,Marcus,video,chart,,,
People Are Strange - The Doors,,Marcus,video,chart,,,
Bad Things - Jace Everett,Em,Marcus,video,chart,,,
Don’t Stop Movin’ - Beautiful South,,Marcus/Kerrie,,video,,chart,
The Importance Of Being Idle - Oasis,,Marcus/Kerrie,,video,,chart,
You Know I'm No Good,,Marcus/Kerrie,,video,,chart,
My Love For Evermore - Hillbilly Moon Explosion,,Marcus/Kerrie,,video,,chart,
No One Knows - Queens Of The Stone Age,,Marcus/Kerrie,Sicknotable bounce to the original,video,,chart,
Ol’ Red Eyes Is Back - The Beautiful South,,Marcus/Kerrie,,video,,chart,
Baby It's Cold Outside - The Holderness Family,Eb,Marcus/Kerrie,Drums intro SLAP ECHO OFF,video,,chart,
Fairytale of New York - The Pogues and Kirsty McColl,D,Marcus/Kerrie,MUST BE LAST ENCORE,video,,chart,
Back in the USSR - Beatles,A,Patrick,,video,,chart,
Bad Moon Rising - Creedence Clearwater Revival,E,Patrick,,video,,chart,
Beyond The Sea - Bobby Darin,F,Patrick,,video,,chart,
Dance the Night Away - Mavericks ,E,Patrick,Happiness / Sunny morning light,video,,chart,
I Saw Her Standing There - Beatles,,Patrick,,video,,chart,
My Best Friend's Girl - Cars,,Patrick,,video,,chart,
My Girl - The Temptations,C,Patrick,,video,,chart,
Under The Boardwalk - The Drifters,E,Patrick,,video,,chart,
Always Look On The Bright Side Of Life,,Patrick,,video,,chart,
Brown Eyed Girl - Van Morrison,,Patrick,swing feel,video,,chart,
Don't Let Me Down - Beatles,E,Patrick,,video,,chart,
I Predict A Riot - Kaiser Chiefs,,Patrick,,video,,chart,
Man Of Constant Sorrow - Soggy Bottom Boys,F,Patrick,,video,,chart,
Save Tonight - Eagle Eye Cherry,Am,Patrick,,video,,chart,
Are You Going To Go My Way? - Lennie Kravitz,E,Patrick,You know you want to do that guitar lick!!,video,,chart,
"Let it Snow!, Let it Snow!, Let it Snow! - Bing Crosby ",E,Patrick,,video,,chart,
Bad Moon Rising - Creedence Clearwater Revival,E,Patrick,video,chart,,,
"The Coffin Song (‘The Longer You Live, The Sooner You Bloody Well Die’)",,Phil,,video,,chart,
Title,Key,Singer,Performance Notes,Video,,Chart,BPM
"WE KNOW IT, WE'VE GIGGED IT",,,,,,,
Rebel Yell - Billy Idol,,,,,,,
Stressed Out - Twenty One Pilots,,,,video,,chart,
,,,,,,,
,,,,,,,
STUFF TO DO NEXT?,,,,,,,
(The) James Bond Theme - ,,,,,,,
,,,,,,,
OTHER IDEAS,,,,,,,
Blue Suit Boogie - Indigo Swing,,,,,,,
Dirty Old Town - The Dubliners,,,,video,,chart,
I Can See Clearly Now,,,,video,,chart,
Ignition - Brian Setzer 68 Comeback Special,,,,,,,
It's 5 O'clock Somewhere - Alan Jackson/Jimmy Buffett,,,,video,,chart,
King Of The Road - Dean Martin,,,,video,,chart,
Let The Sunshine - Aquarius,,,,video,,chart,
London Calling - The Clash,,,,video,,chart,
Passenger - Iggy Pop,,,major segue potential,,,,
Rock (Till My Rocker Breaks Down),,,,,,,
Sex Bomb - Mousse T and Tom Jones version,,,,video,,chart,
Sitting’ on the Dock Of the Bay,,,,video,,chart,
Switchblade 327,,,,video,,chart,
The Tide is High - Blondie,,,,video,,chart,
Umbrella - Rihanna,,,,video,,chart,
We Have All The Time In The World (Fun Lovin' Criminals version),,,,video,,chart,
What's That Coming Over The Hill? - The Automatic,,,,video,,chart,
When The Levee Breaks - Led Zeppelin,,,,video,,chart,
White Wedding - Billy Idol,,,,video,,chart,
Wild One - Johnny O'Keefe/Iggy Pop covered it in 1987,,,,video,,chart,
Wild Rover - The Dubliners,C,,,video,,chart,
Wild Thing,,,,video,,chart,
Wipe Out,B,,,video,,chart,
Wonderful World - Jimmy Cliff,,,,video,,chart,
Just A Girl - No Doubt,,,,,,,
,,,,,,,
TRIED AND SHELVED,,,,,,,
,,,,,,,
CHRISTMAS TUNES,,,,,,,
,,,,,,,
CHRISTMAS IDEAS,,,,,,,
Hazy Shade Of Winter - Simon and Garfunkel (Bangles version better though),,,lyrics,video,,chart,
Frosty The Snowman,,,lyrics,,,,sheet music
I'll Be Home For Christmas With Bells On - Dolly Parton,,,,,,,
In Dulci Jubilo - Trad/Mike Oldfield,,,,,,,
Run Run Rudolph - Chuck Berry,,,,,,,
White Christmas - Drifters,,,,,,,
its the most wonderful time of the year,,,,,,,
,,,,,,,
SHAB's SHELVIS SHIZZLE,,,,,,,
,,,,,,,
HALLOWE'EN,,,,,,,
Hellfire Club - Imelda May,,,video,chart,,,
What's That Coming Over The Hill? - The Automatic,,,video,chart,,,